{
    "North America": [
        46.07323000000008,
        -100.54687999999999
    ],
    "South America": [
        -14.604849999999942,
        -57.65624999999994
    ],
    "Asia": [
        29.840640000000064,
        89.29688000000004
    ],
    "Europe": [
        48.690960000000075,
        9.14062000000007
    ],
    "Africa": [
        7.188100000000077,
        21.093750000000057
    ],
    "Oceania": [
        -18.312809999999956,
        138.51562
    ],
    "NaN": [
        18.776095734718467,
        100.77393496701143
    ],
    "World": [
        -32.90059999999994,
        -68.79253999999997
    ],
    "USA": [
        39.39870315600007,
        -99.41461918999994
    ],
    "Brazil": [
        -10.769946428999958,
        -53.073466888999974
    ],
    "India": [
        23.379379735000043,
        79.44332654800007
    ],
    "Russia": [
        61.989526183000066,
        96.80537153400007
    ],
    "South Africa": [
        -28.997182287999976,
        25.085049940000033
    ],
    "Mexico": [
        23.952824990000067,
        -102.54835341899997
    ],
    "Peru": [
        -9.999999999999943,
        -75.99999999999994
    ],
    "Chile": [
        -29.999999999999943,
        -70.99999999999994
    ],
    "Spain": [
        40.227949660000036,
        -3.6460631049999392
    ],
    "UK": [
        53.40838660500003,
        -1.9695595439999352
    ],
    "Iran": [
        32.55801995200005,
        54.305910263000044
    ],
    "Pakistan": [
        30.314282999000056,
        70.21010363900007
    ],
    "Colombia": [
        3.901115804000028,
        -73.07575492399997
    ],
    "Saudi Arabia": [
        24.12136952900005,
        44.548827060000065
    ],
    "Italy": [
        42.833330000000046,
        12.833330000000046
    ],
    "Bangladesh": [
        23.804670475000023,
        90.28845390100008
    ],
    "Turkey": [
        39.066250645000025,
        35.142286272000035
    ],
    "Germany": [
        51.11063104900006,
        10.39227793200007
    ],
    "France": [
        46.55941704400004,
        2.5505399530000545
    ],
    "Argentina": [
        -35.49575818399995,
        -65.07154210799996
    ],
    "Iraq": [
        33.03897467000007,
        43.77717241800008
    ],
    "Canada": [
        60.108670000000075,
        -113.64257999999995
    ],
    "Qatar": [
        25.285444965000067,
        51.19314832400005
    ],
    "Indonesia": [
        -0.989818181999965,
        113.91586500000005
    ],
    "Egypt": [
        26.512273493000066,
        29.870494860000065
    ],
    "Philippines": [
        14.164862797000069,
        120.8616300000001
    ],
    "Kazakhstan": [
        48.18310616400004,
        67.19504548200007
    ],
    "Ecuador": [
        -1.428836290999925,
        -78.77523855199996
    ],
    "Sweden": [
        64.71258554700006,
        17.260487956000077
    ],
    "Oman": [
        20.59793733300006,
        56.10497815300005
    ],
    "Bolivia": [
        -16.67085566199995,
        -64.59749402799997
    ],
    "Israel": [
        31.97771151200004,
        34.97921769200008
    ],
    "Ukraine": [
        49.02689837500003,
        31.374926053000024
    ],
    "Dominican Republic": [
        18.89668483400004,
        -70.49003617099999
    ],
    "Belarus": [
        53.542208696000046,
        28.050095379000027
    ],
    "Belgium": [
        50.640682937000065,
        4.661070427000027
    ],
    "Kuwait": [
        29.355337252000027,
        47.61216588100007
    ],
    "Panama": [
        8.939604460000055,
        -79.97292613699994
    ],
    "UAE": [
        23.914869621000037,
        54.32685818400006
    ],
    "Netherlands": [
        52.24937529300007,
        5.616126398000063
    ],
    "Singapore": [
        1.2904100000000653,
        103.85211000000004
    ],
    "Portugal": [
        39.59313904600003,
        -8.519812989999934
    ],
    "Romania": [
        45.845854975000066,
        24.973472215000072
    ],
    "Guatemala": [
        15.697237961000042,
        -90.36397945999994
    ],
    "Poland": [
        52.12379015400006,
        19.39876898600005
    ],
    "Nigeria": [
        9.593696882000074,
        8.106777828000077
    ],
    "Honduras": [
        14.824173968000025,
        -86.60026424299997
    ],
    "Bahrain": [
        26.05185877400004,
        50.564426954000055
    ],
    "Armenia": [
        40.293084855000075,
        44.94022131100007
    ],
    "Afghanistan": [
        33.831137065000064,
        66.02471179700007
    ],
    "Kyrgyzstan": [
        41.43197845000003,
        74.46759424400005
    ],
    "Ghana": [
        7.980995107000069,
        -1.2497723419999716
    ],
    "Switzerland": [
        46.79981744200006,
        8.245024096000066
    ],
    "Japan": [
        36.655226998000046,
        139.27149500000007
    ],
    "Azerbaijan": [
        40.29016196900005,
        47.52870740700007
    ],
    "Algeria": [
        28.144113769000057,
        2.6799659330000623
    ],
    "Ireland": [
        53.17587984600004,
        -8.14600614699998
    ],
    "Serbia": [
        44.02936463900005,
        20.804550522000056
    ],
    "Moldova": [
        47.20102827100004,
        28.46370618900005
    ],
    "Morocco": [
        32.00000000000006,
        -4.999999999999943
    ],
    "Uzbekistan": [
        41.58134563700003,
        63.42188301400006
    ],
    "Austria": [
        47.58581000500004,
        14.137076948000072
    ],
    "Kenya": [
        0.5284306580000475,
        37.88969855200003
    ],
    "Nepal": [
        28.25913770300008,
        83.94416346900005
    ],
    "Cameroon": [
        5.672331431000032,
        12.737869296000042
    ],
    "Venezuela": [
        7.120733800000039,
        -66.16282028899997
    ],
    "Costa Rica": [
        9.972837179000066,
        -84.19631843899998
    ],
    "Ethiopia": [
        8.619088938000061,
        39.644750130000034
    ],
    "Czechia": [
        49.73885405100003,
        15.331770091000067
    ],
    "Australia": [
        -25.70993156999998,
        134.48403119800003
    ],
    "El Salvador": [
        13.733468471000037,
        -88.86567455199997
    ],
    "Ivory Coast": [
        7.629182541000034,
        -5.554728587999932
    ],
    "S. Korea": [
        36.35627096300004,
        127.80639593300009
    ],
    "Denmark": [
        55.959300779000046,
        10.053934054000024
    ],
    "Palestine": [
        31.91271978700007,
        35.204684057000065
    ],
    "Sudan": [
        16.053254132000063,
        30.009189122000066
    ],
    "Bosnia and Herzegovina": [
        44.168254123000054,
        17.785249916000055
    ],
    "Bulgaria": [
        42.75500839100005,
        25.23641224000005
    ],
    "Madagascar": [
        -19.37694392999998,
        46.69788267100006
    ],
    "North Macedonia": [
        41.610468113000024,
        21.715233082000054
    ],
    "Senegal": [
        14.363032568000051,
        -14.459259560999953
    ],
    "Norway": [
        62.00000000000006,
        10.000000000000057
    ],
    "DRC": [
        -22.329389999999933,
        -49.08553999999998
    ],
    "Malaysia": [
        2.500000000000057,
        112.50000000000011
    ],
    "French Guiana": [
        3.921724136000023,
        -53.23312207499998
    ],
    "Finland": [
        64.52251280100006,
        26.158834376000073
    ],
    "Haiti": [
        18.320000841000024,
        -73.05271499999998
    ],
    "Tajikistan": [
        39.00000000000006,
        71.00000000000006
    ],
    "Gabon": [
        -0.6239040589999263,
        11.781759891000036
    ],
    "Guinea": [
        10.435445941000069,
        -10.942500889999963
    ],
    "Luxembourg": [
        49.776828429000034,
        6.092325247000076
    ],
    "Mauritania": [
        20.25950735200007,
        -10.331488709999974
    ],
    "Zambia": [
        -14.46880366299996,
        28.76797288100005
    ],