{"World": [-32.90059999999994, -68.79253999999997], "USA": [39.39870315600007, -99.41461918999994], "Brazil": [-10.769946428999958, -53.073466888999974], "Russia": [61.989526183000066, 96.80537153400007], "Spain": [40.227949660000036, -3.6460631049999392], "UK": [53.40838660500003, -1.9695595439999352], "Italy": [42.833330000000046, 12.833330000000046], "France": [46.55941704400004, 2.5505399530000545], "Germany": [51.11063104900006, 10.39227793200007], "Turkey": [39.066250645000025, 35.142286272000035], "Iran": [32.55801995200005, 54.305910263000044], "India": [23.379379735000043, 79.44332654800007], "Peru": [-9.999999999999943, -75.99999999999994], "Canada": [60.108670000000075, -113.64257999999995], "Saudi Arabia": [24.12136952900005, 44.548827060000065], "Chile": [-29.999999999999943, -70.99999999999994], "Mexico": [23.952824990000067, -102.54835341899997], "Belgium": [50.640682937000065, 4.661070427000027], "Pakistan": [30.314282999000056, 70.21010363900007], "Netherlands": [52.24937529300007, 5.616126398000063], "Qatar": [25.285444965000067, 51.19314832400005], "Ecuador": [-1.428836290999925, -78.77523855199996], "Belarus": [53.542208696000046, 28.050095379000027], "Sweden": [64.71258554700006, 17.260487956000077], "Switzerland": [46.79981744200006, 8.245024096000066], "Singapore": [1.2904100000000653, 103.85211000000004], "Bangladesh": [23.804670475000023, 90.28845390100008], "Portugal": [39.59313904600003, -8.519812989999934], "UAE": [23.914869621000037, 54.32685818400006], "Ireland": [53.17587984600004, -8.14600614699998], "Indonesia": [-0.989818181999965, 113.91586500000005], "Poland": [52.12379015400006, 19.39876898600005], "Ukraine": [49.02689837500003, 31.374926053000024], "South Africa": [-28.997182287999976, 25.085049940000033], "Kuwait": [29.355337252000027, 47.61216588100007], "Colombia": [3.901115804000028, -73.07575492399997], "Romania": [45.845854975000066, 24.973472215000072], "Israel": [31.97771151200004, 34.97921769200008], "Austria": [47.58581000500004, 14.137076948000072], "Japan": [36.655226998000046, 139.27149500000007], "Egypt": [26.512273493000066, 29.870494860000065], "Dominican Republic": [18.89668483400004, -70.49003617099999], "Philippines": [14.164862797000069, 120.8616300000001], "Denmark": [55.959300779000046, 10.053934054000024], "S. Korea": [36.35627096300004, 127.80639593300009], "Serbia": [44.02936463900005, 20.804550522000056], "Panama": [8.939604460000055, -79.97292613699994], "Argentina": [-35.49575818399995, -65.07154210799996], "Afghanistan": [33.831137065000064, 66.02471179700007], "Czechia": [49.73885405000004, 15.331770120000044], "Bahrain": [26.05185877400004, 50.564426954000055], "Norway": [62.00000000000006, 10.000000000000057], "Algeria": [28.144113769000057, 2.6799659330000623], "Kazakhstan": [48.18310616400004, 67.19504548200007], "Morocco": [32.00000000000006, -4.999999999999943], "Malaysia": [2.500000000000057, 112.50000000000011], "Australia": [-25.70993156999998, 134.48403119800003], "Nigeria": [9.593696882000074, 8.106777828000077], "Moldova": [47.20102827100004, 28.46370618900005], "Oman": [20.59793733300006, 56.10497815300005], "Finland": [64.52251280100006, 26.158834376000073], "Ghana": [7.980995107000069, -1.2497723419999716], "Armenia": [40.293084855000075, 44.94022131100007], "Bolivia": [-16.67085566199995, -64.59749402799997], "Cameroon": [5.672331431000032, 12.737869296000042], "Luxembourg": [49.776828429000034, 6.092325247000076], "Iraq": [33.03897467000007, 43.77717241800008], "Azerbaijan": [40.29016196900005, 47.52870740700007], "Hungary": [47.16708877000008, 19.424531700000045], "Sudan": [16.053254132000063, 30.009189122000066], "Honduras": [14.824173968000025, -86.60026424299997], "Guinea": [10.435445941000069, -10.942500889999963], "Thailand": [15.11680278700004, 101.01223920600006], "Uzbekistan": [41.58134563700003, 63.42188301400006], "Senegal": [14.363032568000051, -14.459259560999953], "Greece": [39.00000000000006, 22.000000000000057], "Tajikistan": [39.00000000000006, 71.00000000000006], "Guatemala": [15.697237961000042, -90.36397945999994], "Bosnia and Herzegovina": [44.168254123000054, 17.785249916000055], "Bulgaria": [42.75500839100005, 25.23641224000005], "Ivory Coast": [7.629182541000034, -5.554728587999932], "Djibouti": [11.733763645000067, 42.58017759000006], "Croatia": [45.11867958500005, 15.435623834000069], "DRC": [-22.329389999999933, -49.08553999999998], "North Macedonia": [41.610468113000024, 21.715233082000054], "Cuba": [22.000000000000057, -79.49999999999994], "Estonia": [58.67204078700007, 25.477224001000025], "Iceland": [64.98695685900003, -18.582382345999974], "Gabon": [-0.6239040589999263, 11.781759891000036], "El Salvador": [13.733468471000037, -88.86567455199997], "Lithuania": [55.33693608100003, 23.900396649000072], "Somalia": [4.40461606100007, 46.20310500000005], "Mayotte": [-12.820609210999976, 45.147848887000066], "New Zealand": [-42.28723356399996, 172.34343250000006], "Slovakia": [48.708702079000034, 19.48774911000004], "Slovenia": [46.119554805000064, 14.821760495000035], "Kyrgyzstan": [41.43197845000003, 74.46759424400005], "Maldives": [4.175240000000031, 73.50928000000005], "Kenya": [0.5284306580000475, 37.88969855200003], "Guinea-Bissau": [12.010130157000049, -14.984960920999981], "Lebanon": [33.92144516600007, 35.893427744000064], "Sri Lanka": [7.617678409000064, 80.69863241800005], "Hong Kong": [22.351958323000076, 114.1193859870001], "Tunisia": [34.11631798800005, 9.60851649600005], "Latvia": [56.85460987000005, 24.926839006000023], "Albania": [41.13455328400005, 20.06420643100006], "Mali": [17.362972883000054, -3.5204716629999666], "Equatorial Guinea": [1.7026148510000212, 10.333091866000075], "Niger": [17.42088083400006, 9.401672665000035], "Cyprus": [35.05017425900007, 33.226229774000046], "Zambia": [-14.46880366299996, 28.76797288100005], "Costa Rica": [9.972837179000066, -84.19631843899998], "Venezuela": [7.120733800000039, -66.16282028899997], "Paraguay": [-23.21981209599994, -58.41066601899996], "Burkina Faso": [12.286319460000072, -1.7441041949999772], "Andorra": [42.54530320100008, 1.5762863020000282], "Uruguay": [-32.79326568999994, -56.02075792399995], "Haiti": [18.320000841000024, -73.05271499999998], "Georgia": [32.648324554000055, -83.44453440099994], "Diamond Princess": [12.24816997388791, 109.19641996335635], "Jordan": [31.248189480000065, 36.78810430300007], "San Marino": [43.93817105200003, 12.463507795000055], "Chad": [15.376264850000041, 18.674165747000075], "Sierra Leone": [8.558037771000045, -11.792031778999956], "Malta": [35.92254885600005, 14.400072590000036], "South Sudan": [7.263460914000063, 30.343765666000024], "Channel Islands": [34.18411000000003, -119.22501999999997], "Jamaica": [18.157695292000028, -77.31110640499998], "Nepal": [28.25913770300008, 83.94416346900005], "Tanzania": [-6.438400132999959, 34.995322712000075], "CAR": [7.000000000000057, 21.000000000000057], "Congo": [-0.8217651579999483, 15.23529437600007], "R\\u00e9union": [-21.133187345999943, 55.53244445100006], "Madagascar": [-19.37694392999998, 46.69788267100006], "Taiwan": [23.752816021000058, 120.95346396100001], "Ethiopia": [8.619088938000061, 39.644750130000034], "Palestine": [31.91271978700007, 35.204684057000065], "Togo": [8.539049810000051, 0.9744440640000676], "Cabo Verde": [15.08362928200006, -23.624671987999932], "Isle of Man": [54.22823097300005, -4.538760937999939], "Mauritius": [-20.283556218999934, 57.57181746400005], "Montenegro": [42.796154744000034, 19.25209946500007], "Vietnam": [16.166670000000067, 107.83333000000005], "Rwanda": [-1.9983949569999595, 29.956312610000055], "Nicaragua": [12.934455771000046, -85.00621251399997], "Sao Tome and Principe": [0.2393107930000724, 6.602059996000037], "Liberia": [6.447342577000029, -9.31038674499996], "French Guiana": [3.921724136000023, -53.23312207499998], "Eswatini": [-26.56500356099997, 31.49799039000004], "Yemen": [15.905205994000028, 47.59395262500004],